Category,Merchant Name,Address,Location
Restaurantes,KAMISUSHI,SAN PABLO 6004,Lo Prado
Minimarket,CARMENCITA,SAN ALBERTO 853,Lo Prado
Restaurantes,OHANA SUSHI LO PRADO - SOLO COMPRA ONLINE,LO PRADO S/N 0,Lo Prado
Restaurantes,SAN CAMILO SUCURSAL 17,SAN PABLO 6177,Lo Prado
Restaurantes,SAN CAMILO SUCURSAL 35,SAN PABLO 6150 LOCAL 1,Lo Prado
Patio de comida,TARRAGONA NEPTUNO,NEPTUNO 720 LOCAL 1,Lo Prado
Supermercados,ALVI LO PRADO,SAN PABLO 5660,Lo Prado
Supermercados,LIDER SAN PABLO,NEPTUNO 720,Lo Prado
Minimarket,HIRMENIO DE LA CRUZ ALVARADO PINO,ESPAÑA 206,Santiago
Patio de comida,PARADISO ALAMEDA,ALAMEDA 2380,Santiago
Patio de comida,JUAN MAESTRO LAS REJAS,BERNARDO O´HIGGINS 5091,Santiago
Patio de comida,STARBUCKS COMPAÑIA,COMPAÑIA 1093,Santiago
Restaurantes,OHANA SUSHI,VICUÑA ROZAS 5218,Quinta Normal
Restaurantes,CASINO METRO NEPTUNO,LO PRADO 6252,Lo Prado
Restaurantes,SUSHI LOVERS QUINTA NORMAL,SAMUEL IZQUIERDO 1568,Quinta Normal
Restaurantes,KIBOSUSHI CEVICHES,LOS COPIHUES 6902,Lo Prado
Restaurantes,MAKAVI SUSHI,RADAL 1266 LOCAL C,Quinta Normal
Patio de comida,KFC PAJARITOS,GENERAL OSCAR BONILLA 5900 LOCAL 4,Lo Prado
Minimarket,XS MARKET PAJARITOS,GENERAL BONILLA 5900 LOCAL LG-PJ,Lo Prado
Patio de comida,DUNKIN' DONUTS LO PRADO,GENERAL BONILLA 5900 ESTACION PAJARITO LOCAL 7,Lo Prado
Restaurantes,SAN CAMILO SUCURSAL 16,GENERAL BONILLA 5900 LOCAL 8,Lo Prado
Restaurantes,SAN CAMILO SUCURSAL 18,SAN PABLO 7187,Lo Prado
Patio de comida,PIZZA PIZZA AV. ECUADOR 5331,ECUADOR 5331,Lo Prado
Patio de comida,SUBWAY LAS REJAS,MARIA ROSAS VELASQUEZ 2 LOCAL B (LAS REJAS),Lo Prado
Restaurantes,SUSHI LOVERS 11,LAS CATALPAS 14,Estacion Central
Patio de comida,"PEDRO, JUAN & DIEGO LAS REJAS",BERNARDO OHIGGINS 5199 LOCAL 30,Estacion Central
Supermercados,LOS ALPES 1295,COMPAÑIA 1295,Santiago
Supermercados,M10 LO PRADO,SAN PABLO 6702,Lo Prado
Supermercados,SANTA ISABEL SAN PABLO,SAN PABLO 4870,Quinta Normal
Supermercados,ALVI -J.J.PEREZ,J.J. PEREZ 6658,Cerro Navia
Supermercados,SANTA ISABEL ECUADOR,ECUADOR 5455,Lo Prado
Supermercados,LIDER EXPRESS LAS REJAS,LIBERTADOR BERNARDO O´HIGGINS 5199,Estacion Central
Patio de comida,SUBWAY,CLAUDIO ARRAU 6910 LOCAL 26,Pudahuel
Restaurantes,DON DEL MELKY,ESTADOS UNIDOS 1233,Cerro Navia
Restaurantes,JESENIA ALEJANDRA VALDES AVELLO,GUMERCINDO VARGAS 1145,Cerro Navia
Restaurantes,SAN CAMILO SUCURSAL 36,SAN PABLO 8330 LOCAL 1,Pudahuel
Restaurantes,CASINO WALL STREET,ECUADOR 3519,Estacion Central
Patio de comida,KFC GENERAL VELASQUEZ,PADRE ALBERTO HURTADO 75,Estacion Central
Restaurantes,ALMACEN ROUSS & ANDRÉ SPA,ROMA 7362,Cerro Navia
Restaurantes,CHASKI,ECUADOR 3480,Estacion Central
Casinos,DILEMMA SPA,ECUADOR 3492 A,Estacion Central
Restaurantes,CAFETERIA PATIO LOS NARANJOS,ECUADOR 3363,Estacion Central
Minimarket,CAFETERIA FAC.DE ARTES Y OFICIOS USACH,ECUADOR 3659,Estacion Central
Casinos,YAYITA USACH,ECUADOR 3769,Estacion Central
Casinos,KIOSKO 13 SECTOR 7,ECUADOR (VICTOR JARA) 3659 INTERIOR (SECTOR 7),Estacion Central
Restaurantes,FRAN FRUIT CHILE,AV ECUADOR 3363 INTERIOR USACH PABELLÓN FORMA,Estacion Central
Minimarket,NEWMARKET,SAN PABLO 4050 LOCAL 1,Quinta Normal
Restaurantes,OHANA SUSHI ESTACION CENTRAL,LAS REJAS SUR 665,Estacion Central
Patio de comida,STARBUCKS COFFEE CHILE S.A JEAN MERMOZ AERO,JEAN MERMOZ AERO AERO.INTER 2150 PISO 3 L-68 3T2MCO036 - 3T2MCO06,Pudahuel
Patio de comida,TARRAGONA GENERAL VELASQUEZ,LIBERTADOR BERNANDO O'HIGGINS 4099,Estacion Central
Minimarket,LUIS ARIEL CONSTANZO ROJAS,RELACIONADOR ARANGUIZ 725,Pudahuel
Casinos,CASINO CAFETERIA LAS CASITAS,FEDERICO SCOTTO 127 INTERIOR UNIVERSIDAD DE SANTIAGO FACULTAD TECNOLOG,Estacion Central
Patio de comida,KFC GENERAL VELASQUEZ,LIBERTADOR BERNARDO OHIGGINS 4050 LOCAL 113,Estacion Central
Restaurantes,ROXI,MAPOCHO 7270,Cerro Navia
Restaurantes,OTRO LEVEL SANDWICHS Y COMPLETOS,SAN ANDRES 1122,Pudahuel
Restaurantes,SAN CAMILO 55,LIBERTADOR BERNARDO O'HIGGINS 4050 LOCAL 101,Estacion Central
Patio de comida,DOMINOS PIZZA ESTACION CENTRAL,LIBERTADOR BERNARDO OHIGGINS 4050 LOCAL 12,Estacion Central
Patio de comida,PEDRO JUAN & DIEGO TURBUS,LIB.  BERNADO OHIGGINS 3750 LOC. 213,Estacion Central
Casinos,USACH PATIO INTERIOR,ECUADOR 3659 PATIO INTERIOR,Estacion Central
Restaurantes,NODO SUSHI SPA,DOCTOR ROBERTO ESTEVEZ 7651,Pudahuel
Casinos,FOODTRUCK RUIZ TAGLE,RUIZ TAGLE 130 RUIZ TAGLE,Estacion Central
Casinos,KIOSCO RUIZ TAGLE,RUIZ TAGLE 130,Estacion Central
Casinos,B & C,ECUADOR 3769,Estacion Central
Restaurantes,MICROFOOD,GENERAL OSCAR BONILLA 8487,Pudahuel
Restaurantes,GYO SUSHI,AV LAS PARCELAS 4727 AV LAS PARCELAS,Estacion Central
Patio de comida,KAMI LAS REJAS,REJAS DEL SUR 1392,Estacion Central
Patio de comida,LATIN PIZZA CARRASCAL,AVENIDA CARRASCAL 4652,Quinta Normal
Casinos,KIOSKO EXPRESS USACH INTERIOR ING INDUSTRIAL,EL BELLOTO 3890 INTERIOR U. SANTIAGO DE CHILE - ECUADOR 3769,Estacion Central
Restaurantes,CAFETERIA CHIJA,LAGUNA SUR 7309,Pudahuel
Patio de comida,K078 KFC TURBUS,LIBERTADOR BERNARDO O´HIGGINS 3750 LOCAL 202-203,Estacion Central
Patio de comida,JUAN MAESTRO ESTACION CENTRAL,LIBERTADOR BERNARDO O´HIGGINS 3750,Estacion Central
Restaurantes,SOCIEDAD COMERCIAL ATENLIS,AVENIDA LIBERTADOR BERNARDO OHIGGINS 3750,Estacion Central
Restaurantes,YOGEN FRUZ,LIBERTADOR BERNARDO O´HIGGINS 3750 LOCAL 212 B,Estacion Central
Restaurantes,SAN CAMILO SUCURSAL 11,LIBERTADOR BERNARDO O´HIGGINS 3750,Estacion Central
Supermercados,LIDER ACUENTA QUINTA NORMAL (MAPOCHO),MAPOCHO 5041,Quinta Normal
Supermercados,UNIMARC PUDAHUEL II,SAN PABLO 8315,Pudahuel
Supermercados,SANTA ISABEL SALVADOR GUTIERREZ,SALVADOR GUTIERREZ 5496 CATAMARCA,Quinta Normal
Supermercados,ALVI TENIENTE CRUZ,TENIENTE CRUZ 570,Pudahuel
Supermercados,LIDER ALAMEDA,PADRE ALBERTO HURTADO 60 (060),Estacion Central
Supermercados,S10 PAJARITOS,GLADYS MARIN 6480,Estacion Central
Supermercados,OXXO METRO GRUTA LOURDES,SAN PABLO 4098 LOCAL 1,Quinta Normal
Supermercados,S10 PAJARITOS II ESTACION CENTRAL,GLADYS MARIN 6664,Estacion Central
Supermercados,LIDER ACUENTA BA TRAVESIA,TRAVESIA 7217,Pudahuel
Supermercados,LIDER EXPRESS LAS REJAS SUR,LAS REJAS SUR 882,Estacion Central
Supermercados,S10 TRAVESÍA,DIAGONAL TENIENTE CRUZ 530,Pudahuel
Supermercados,MAYORISTA S.PABLO 2,SAN PABLO 8537,Pudahuel
Supermercados,UNIMARC PAJARITOS,GLADYS MARIN MILLIE 6950,Estacion Central
Supermercados,LIDER ACUENTA BA CARRASCAL,CARRASCAL 6015,Quinta Normal
Supermercados,OXXO FELIX BULNES,MAPOCHO 7366 LOCAL 2,Cerro Navia
Supermercados,OXXO - EX OKMTERMINAL ALAMEDA,LIBERTADOR BERNARDO O´HIGGINS 3750,Estacion Central
Supermercados,CASTANO TURB,LIBERTADOR BERNARDO O´HIGGINS 3750 LOCAL 104- 105,Estacion Central
Minimarket,OKM TERMINAL DE BUSES 1,LIB. BDO.OHIGGINS 3750 L 121,Santiago
Restaurantes,GRUPO UNIVERSITARIO SPA,DIECIOCHO LOCAL A Y B 105,Santiago
Casinos,CASINO USACH FACULTAD DE INGENIERIA,LIBERTADOR BERNARDO O'HIGGINS 3363,Santiago
Patio de comida,KFC MALL ALAMEDA,LIBERTADOR BERNARDO O´HIGGINS 3470 LOCAL 4004 PISO 4,Santiago
Patio de comida,STARBUCKS COFFEE MALL PLAZA ALAMEDA,LIBERTADOR BERNARDO OHIGGINS 3470 MALL PLAZA ALAMEDA,Santiago
Casinos,ALIMENTOS HEISENBERG ECUADOR,ECUADOR 3363,Santiago
Minimarket,USACH - ESID-PISO 4 - CHINA,ALAMEDA LIBERTADOR BERNARDO O'HIGGINS 3363 PISO 4 - CHINA,Santiago
Minimarket,USACH - GEO ESPACIAL - CHINA,ALAMEDA LIBERTADOR BERNARDO O'HIGGINS 3363 GEO ESPACIAL - CHINA,Santiago
Minimarket,USACH EOA 2,ALAMEDA LIBERTADOR BERNARDO O'HIGGINS 3363,Santiago
Minimarket,USACH - ESID-PISO 6 - CHINA,ALAMEDA LIBERTADOR BERNARDO O'HIGGINS 3363 ESID-PISO 6 - CHINA,Santiago
Minimarket,USACH - MATEMATICA - CHINA,ALAMEDA LIBERTADOR BERNARDO O'HIGGINS 3363 MATEMATICA - CHINA,Santiago
Minimarket,USACH - FISICA 2 - CHINA,ALAMEDA LIBERTADOR BERNARDO O'HIGGINS 3363 FISICA 2 - CHINA,Santiago
Minimarket,USACH FAE NUEVA,ALAMEDA LIBERTADOR BERNARDO O'HIGGINS 3363,Santiago
Minimarket,USACH TECNOLOGIA,ALAMEDA LIBERTADOR BERNARDO O'HIGGINS 3363,Santiago
Minimarket,USACH PERIODISMO NEW CHINA,ALAMEDA LIBERTADOR BERNARDO O'HIGGINS 3363,Santiago
Minimarket,USACH-CASA CENTRAL,ALAMEDA LIBERTADOR BERNARDO O'HIGGINS 3363,Santiago
Restaurantes,SAN CAMILO SUCURSAL 19-F,SAN PABLO 3284,Santiago
Restaurantes,SAN CAMILO SUCURSAL 19-M,SAN PABLO 3284,Santiago
Restaurantes,BRAVAZO,CATEDRAL 3181,Santiago
Restaurantes,LA TROPA,CHACABUCO 49 CHACABUCO,Santiago
Restaurantes,BRAVAZO,HUERFANOS 3044,Santiago
Patio de comida,TARRAGONA ARAUCO EXPOSICIÓN,EXPOSICION 135 LOCAL 1275 A,Santiago
Patio de comida,TARRAGONA EXPOSICIÓN,EXPOSICION 40 LOCAL 314,Santiago
Patio de comida,POLLO EXPRESS,LIBERTADOR BERNARDO O'HIGGINS 3850 LOCAL C,Estacion Central
Minimarket,CASTAÑO TSUR,LIBERTADOR BERNARDO OHIGGINS 3850 LOCAL 11-12-27-28 Y 29,Estacion Central
Patio de comida,SUBWAY TERMINAL SUR,LIBERTADOR BERNARDO OHIGGINS 3850 TERMINAL SUR,Estacion Central
Restaurantes,KIOSCO FACTEC,VÍCTOR JARA 3659 SECTOR 2,Estacion Central
Restaurantes,REDI CAFÉ & MINIMARKET,EL BELLOTO 3648,Estacion Central
Restaurantes,SAN CAMILO SUCURSAL 2,LIBERTADOR BERNARDO O´HIGGINS 3301,Estacion Central
Restaurantes,1/2 URBANO,CARRASCAL 4502,Quinta Normal
Minimarket,RINCON DE OBRAS,ECUADOR 3659,Estacion Central
Patio de comida,FOODTRUCK RUIZ TAGLE,ECUADOR 3650 INTERIOR DEL CAMPUS UNIVERSITARIO,Estacion Central
Restaurantes,WAU ESTACION CENTRAL,LIBERTADOR BERNARDO OHIGGINS 3750 LOCAL 214,Estacion Central
Casinos,KIOSCO PERIODISMO USACH BY OKCA,VICTOR JARA 3650 SECTOR 8 USACH,Estacion Central
Patio de comida,FRIES AND BITES ESTACION CENTRAL,LIBERTADOR BERNARDO O´HIGGINS 3750 LOCAL 209,Estacion Central
Restaurantes,TALIPAN,AVENIDA ECUADOR 3576,Estacion Central
Casinos,ALIMENTOS HEISENBERG LIMITADA,LAS SOPHORAS 3469,Estacion Central
Restaurantes,FACULTAD DEL HAMBRE,WENCESLAO SANCHEZ 91,Estacion Central
Casinos,CASINO VIME,LAS SOPHORAS 119 SECTOR 7) VIME,Estacion Central
Casinos,COFFEE ROMA CUP,AVENIDA VICTOR JARA 3524,Estacion Central
Restaurantes,SERVICIOS GOURMET,EL BELLOTO 3469,Estacion Central
Casinos,CASINO USACH (FAC. ING. ESTADISTICA),EL BELLOTO 3469,Estacion Central
Casinos,ALIMENTOS HEISENBERG EL BELLOTO,EL BELLOTO 3469,Estacion Central
Restaurantes,PALACIO FUSION MAIPU 3,AV. EL ROSAL SANTA CORINA 70 3811,Maipu
Patio de comida,K105 KFC TENIENTE CRUZ,RAMON FREIRE 7299 LOCAL 1,Pudahuel
Casinos,MOVIL GOURMET E.I.R.L,LAS SOPHORAS 175 KIOSKO INTERIOR USACH,Estacion Central
Casinos,PIZZERIA XL,ECUADOR 3488 LOCAL A,Estacion Central
Restaurantes,EL ITALIANO EXPRESS SPA,AV. VICTOR JARA 3470 LOC A,Estacion Central
Casinos,REDI CAFE,LAS SOPHORAS 175 USACH-VICERRECTORIA VINCULACION DEL MEDIO,Estacion Central
Restaurantes,LA PICA DEL PARCE,ECUADOR 3458,Estacion Central
Restaurantes,CAFETERIA CIENCIAS MEDICAS,LIBERTADOR BERNARDO O'HIGGINS 3363,Estacion Central
Casinos,KIOSKO REDY,ALAMEDA 3363,Estacion Central
Casinos,KIOSKO CAIM,LIBERTADOR BERNARDO OHIGGINS 3363 KIOSKO,Estacion Central
Casinos,BUNKER CASINO - CAFETERIA,LIBERTADOR BERNARDO OHIGGINS 3363,Estacion Central
Casinos,YAYITA USACH ESTACION CENTRAL,LIBERTADOR BERNARDO OHIGGINS 3363 KIOSKO 14,Estacion Central
Restaurantes,CHIJA,LA ESTRELLA 500 LOCAL 05,Pudahuel
Patio de comida,HELADERIA ICE CREAM ESTACION CENTRAL,LEBERTADOR BERNARDO OHIGGINS 3470 LOCAL A-238,Estacion Central
Casinos,AMARANTHA,LIBERTADOR BERNARDO O´HIGGINS 3363 O´HIGGINS,Estacion Central
Casinos,ALIMENTOS HEISENBERG ALAMEDA,LIBERTADOR BERNARDO OHIGGINS 3363,Estacion Central
Patio de comida,DUNKIN' DONUTS MALL ALAMEDA MÓDULO,LIBERTADOR BERNARDO O'HIGGINS 3470 AZ 101,Estacion Central
Patio de comida,FRUTOS ALAMEDA,LIBERTADOR BERNARDO O'HIGGINS 3470 LOCAL FC-4024,Estacion Central
Patio de comida,BUFALO BEEF ALAMEDA,LIBERTADOR BERNARDO O´HIGGINS 3470 LOCAL 4066-4068,Estacion Central
Patio de comida,SAVORY ESTACION CENTRAL 5,LIBERTADOR BERNARDO O HIGGINS 3250 LOCAL P-70,Estacion Central
Patio de comida,CHINA WOK MALL ALAMEDA,LIBERTADOR BERNARDO O'HIGGINS 3470 LOCAL FC 4008,Estacion Central
Patio de comida,TOMMY BEANS ESTACION CENTRAL,LIBERTADOR BERNARDO O'HIGGINS 3470 LOCAL 4062,Estacion Central
Patio de comida,SUBWAY MALL PLAZA ALAMEDA,BERNARDO O´HIGGINS 3470,Estacion Central
Patio de comida,"PEDRO, JUAN Y DIEGO MALL PLAZA ALAMEDA",LIBERTADOR BERNARDO O'HIGGINS 3470 LOCAL FC4028,Estacion Central
Patio de comida,DOMINO MALL PLAZA ALAMEDA,LIBERTADOR BERNARDO OHIGGINS 3470 LOCAL T-40,Estacion Central
Patio de comida,WENDY´S MALL PLAZA ALAMEDA,LIBERTADOR BERNARDO OHIGGINS 3470 LOCAL T405 - T409,Estacion Central
Patio de comida,TARRAGONA PLAZA ALAMEDA,LIBERTADOR BERNARDO O'HIGGINS 3470 LOCAL 4036,Estacion Central
Patio de comida,JUAN MAESTRO ALAMEDA,LIBERTADOR BERNARDO O´HIGGINS 3470 LOCAL 4016 MALL PLAZA ALAMEDA,Estacion Central
Patio de comida,DOGGIS ALAMEDA,"LIBERTADOR BERNARDO O'HIGGINS 3470 LOCAL AZ 103 NIVEL 1, INTERIOR MALL PLAZA ALAMEDA",Estacion Central
Patio de comida,TARRAGONA ALAMEDA,LIBERTADOR BERNARDO O'HIGGINS 5199 LOCAL 6,Estacion Central
Minimarket,XS MARKET ESTACION CENTRAL RELOJ,LIBERTADOR BERNARDO OHIGGINS 3156 RELOJ MALL PASEO ESTACION,Estacion Central
Patio de comida,DOGGIS LIDER LAS REJAS,LIBERTADOR BERNARDO O'HIGGINS 5199 LOCAL Nº 32,Estacion Central
Minimarket,XS MARKET EST. CENTRAL,LIBERTADOR BERNARDO OHIGGINS 6056 LOCAL 1,Estacion Central
Minimarket,LA OFERTITA,MAR DE DRAKE 243,Pudahuel
Patio de comida,LATIN PIZZA LAS REJAS,QUENAC 6110,Estacion Central
Patio de comida,BURGER KING PLAZA ALAMEDA FC,LIBERTADOR BERNARDO OHIGGINS 3470 FC 4070-4072,Estacion Central
Patio de comida,JUAN MAESTRO MALL PLAZA ALAMEDA VK,LIBERTADOR BERNARDO O´HIGGINS 3470 LOCAL 102-104,Estacion Central
Restaurantes,TORTAS DIVERTIDAS,LOS ALFILES 1173,Pudahuel
Restaurantes,DONDE LA TIA CARITO,LIBERTADOR BERNARDO OHIGGINS 3363,Estacion Central
Restaurantes,GRIDO ESTACION CENTRAL,PADRE JAIME LARRAÍN 829 LOCAL 2,Estacion Central
Patio de comida,BURGER KING ESTACION CENTRAL IL,SAN FRANCISCO DE BORJA 122 LOCAL 154/LIBERTADOR B O`HIGGINS # 3222 LOCAL 154,Estacion Central
Restaurantes,SAN CAMILO SUCURSAL 8,LIBERTADOR BERNARDO O´HIGGINS 3820 LOCAL 3 TERMINAL SUR,Estacion Central
Patio de comida,DUNKIN´ ARAUCO ESTACION,LIBERTADOR BERNARDO O HIGGINS 3322 LOC 117,Estacion Central
Patio de comida,JUAN MAESTRO TERMINAL SAN BORJA,SAN FRANCISCO DE BORJA 66 0196 H TERMINAL SAN BORJA,Estacion Central
Patio de comida,KFC ISLA ARAUCO ESTACIÓN 2,SAN FRANCISCO DE BORJA 66,Estacion Central
Patio de comida,DOGGIS TERMINAL SAN BORJA,SAN BORJA 66 LOCAL 0196 F,Estacion Central
Patio de comida,BUFFET EXPRESS FRANCISCO DE BORJA,FRANCISCO DE BORJA 66 LOCAL 196-C,Estacion Central
Patio de comida,BUFALO BEEF ESTACION CENTRAL,SAN FRANCISCO DE BORJA 66,Estacion Central
Patio de comida,CHINA WOK MALL ARAUCO PASEO ESTACION,SAN FRANCISCO DE BORJA 66 LOCAL 0196 Q,Estacion Central
Patio de comida,TARRAGONA MALL PASEO ESTACION,SAN FRANCISCO DE BORJA 66 LOCAL 196 K,Estacion Central
Patio de comida,KFC MALL ARAUCO ESTACION,SAN FRANCISCO DE BORJA 66 LOCAL 0196-E,Estacion Central
Patio de comida,SUBWAY,SAN FRANCISCO DE BORJA 66 LOCAL 0197 C,Estacion Central
Patio de comida,HELADERIA ESTACION CENTRAL,SAN FRANCISCO DE BORJA 66 SUC N° 0196 M,Estacion Central
Patio de comida,"PEDRO, JUAN & DIEGO ESTACION CENTRAL",SAN BORJA 66 LOCAL 0196 L,Estacion Central
Patio de comida,WENDY´S ARAUCO ESTACION,SAN BORJA 66 LOCAL 197-D 2DO PISO,Estacion Central
Restaurantes,SAN CAMILO SUCURSAL 32,SAN FRANCISCO DE BORJA 84 LOCAL 0670,Estacion Central
Restaurantes,CASINO USACH (CASINO CENTRAL),LIBERTADOR BERNADO O'HIGGINS 3363 (ECUADOR 3659),Estacion Central
Patio de comida,STARBUCKS ESTACION CENTRAL,LIBERTADOR BERNARDO OHIGGINS 3250 LOCAL 96,Estacion Central
Minimarket,XS TERMINAL SAN BORJA,SAN FRANCISCO DE BORJA 122 LOCAL 2-13,Estacion Central
Patio de comida,SAVORY ESTACION CENTRAL 4,SAN FRANCISCO DE BORJA 122 LOCAL 035,Estacion Central
Patio de comida,P.J.D. ARAUCO EST. TERMINAL,FRANCISCO DE BORJA 122 T805-806,Estacion Central
Restaurantes,SAN CAMILO SUCURSAL 34,SAN FRANCISCO DE BORJA 122 LOCAL P227,Estacion Central
Patio de comida,DOGGIS TERMINAL SAN BORJA SUB 50,SAN FRANCISCO DE BORJA 122 LOCAL P 215,Estacion Central
Patio de comida,JUN MAESTRO PASEO ESTACION,AV. SAN FRANCISCO DE BORJA 122 25-28B PASEO ESTACION,Estacion Central
Restaurantes,SAN CAMILO SUCURSAL 12,LIBERTADOR BERNARDO O´HIGGINS 3250 LOCAL 0483,Estacion Central
Restaurantes,PALACIO FUSION MAIPU 2,SUR DE CHILE 4115,Maipu
Patio de comida,BURGER KING PLAZA ESTACION FC,SAN BORJA 66 196 B,Estacion Central
Restaurantes,SAN CAMILO 84,ALAMEDA 3140,Estacion Central
Patio de comida,SAVORY ESTACION CENTRAL 1,LIBERTADOR BERNARDO O HIGGINS 3156 LOCAL 1091,Estacion Central
Casinos,MINIMARKET B & C ENRIQUE KIRBERG,ENRIQUE KIRBERG BALTIANSKY 3,Estacion Central
Patio de comida,DUNKIN - ESTACIÓN CENTRAL TERMINAL,SAN FRANCISCO BORJA 184 LOCAL N° P 228,Estacion Central
Minimarket,XS MARKET TREN ALAMEDA,LIBERTADOR BERNARDO O'HIGGINS 3170 MODULO 2,Estacion Central
Patio de comida,KFC PASEO ESTACION,LIBERTADOR BERNARDO O´HIGGINS 3170 LOCAL 21,Estacion Central
Restaurantes,SAN CAMILO SUCURSAL 3-M,LIBERTADOR BERNARDO O´HIGGINS 3201,Estacion Central
Patio de comida,DOGGIS PASEO ESTACION,EXPOSICION 135 LOCAL 1275-C,Estacion Central
Restaurantes,SAN CAMILO SUCURSAL 6,EXPOSICION 98,Estacion Central
Patio de comida,DOGGIS MALL EXPOSICION,EXPOSICION 40 LOCAL 82 LOCAL 315 NIVEL 3,Estacion Central
Restaurantes,SAN CAMILO SUCURSAL 1,LIBERTADOR BERNARDO O´HIGGINS 2902 SAN ALFONSO,Estacion Central
Restaurantes,AKIKOMO SUSHI,ROLANDO PETERSEN 1680,Cerro Navia
Casinos,KIOSCO 6,CALLE SANTA TERESA 1786,Estacion Central
Supermercados,ERBI 9004,SAN PABLO 3271,Santiago
Supermercados,CASTAÑO SAN BORJA,SAN FRANCISCO DE BORJA 122 LOCAL 493 - 499,Santiago
Supermercados,LIDER EXPRESS SAN PABLO,SAN PABLO 2902,Santiago
Supermercados,LIDER EXPRESS CARRASCAL,"CARRASCAL 4436, QUINTA NORMAL 4436",Quinta Normal
Supermercados,LIDER EXPRESS LAGUNA SUR II,LAGUNA SUR 7383 Esquina Juan Guzman,Pudahuel
Supermercados,UNIMARC GONZALO BULNES - QUINTA NORMAL,GONZALO BULNES 2407,Quinta Normal
Supermercados,ALVI SAN PABLO,SAN PABLO 8685,Pudahuel
Supermercados,SANTA ISABEL BERNARDO O'HIGGINS 3390,LIBERTADOR BERNARDO O HIGGINS 3390,Estacion Central
Supermercados,LIDER MATUCANA,MATUCANA 1202,Quinta Normal
Supermercados,CASTANO S-BOR,SAN BORJA 122 LOCAL P-229 BOLETERIA 2DO PISO,Estacion Central
Supermercados,SANTA ISABEL ISLA PORTEZUELO,ISLA PORTEZUELO 615,Pudahuel
Restaurantes,LA FABRICA DE LOS COMPLETOS,GORBEA 2071,Santiago
Restaurantes,NIKKEI KITAI SUSHI,AGUSTINAS 2798,Santiago
Restaurantes,RESTAURANT JAREK LIAN,ROSAS 2747 LOCAL 2,Santiago
Restaurantes,POLLO CHANG,ALAMEDA 2698 LOCAL 3,Santiago
Restaurantes,EL CHIMBOTANO 2522,SAN PABLO 2522,Santiago
Restaurantes,PISCIS,LIBERTADOR O´HIGGINS 2536,Santiago
Restaurantes,OTTO´S,BERNARDO OHIGGINS 2555,Santiago
Restaurantes,EL CHIMBOTANO,SAN PABLO 2401 2405,Santiago
Patio de comida,DUNKIN´ LOCAL BULNES,BULNES 178,Santiago
Restaurantes,BOLD BURGER,GRAJALES 2537,Santiago
Restaurantes,SAN CAMILO SUCURSAL 7,LIBERTADOR BERNARDO O´HIGGINS 2499,Santiago
Restaurantes,DIMAKY SUSHI FUSION,ALAMEDA 2467 LOCAL 5,Santiago
Casinos,JIF CONCESIONES ALIMENTICIAS LOCAL ESPAÑA,ESPAÑA 8,Santiago
Restaurantes,MERAKI DUOC ALAMEDA,ESPAÑA 8,Santiago
Restaurantes,CAFE CK,ESPAÑA 54,Santiago
Restaurantes,STOP CAFÉ GRAJALES,GRAJALES 2550 EDIFICIO L,Santiago
Restaurantes,ALOHA SANTIAGO,GRAJALES 2550 2538-2550,Santiago
Restaurantes,LUCHOS,GRAJALES 2506,Santiago
Restaurantes,KAZOKUNH SUSHI,MONEDA 2356,Santiago
Restaurantes,GLORIA DEL CARMEN DAZA SOTO,ALMTE. VILLARROEL 345 345,Santiago
Restaurantes,MAGAMARKET PORTUGAL SPA,PORTUGAL LOCAL 3 902,Santiago
Restaurantes,CAFETERIA BULNES,GENERAL BULNES 1 B,Santiago
Restaurantes,LA PARADA DEL BAJON,ESPAÑA 275,Santiago
Minimarket,MINIMARKET G&C,AVENIDA ESPAÑA 285,Santiago
Restaurantes,CAFE COPENHAGUE,CUMMING 260,Santiago
Restaurantes,BULE INVERSIONES SPA,SAZIE 2379 LOCAL 4,Santiago
Patio de comida,PIZZA PIZZA CUMMING 281,CUMMING 281 281,Santiago
Restaurantes,EL POLLO JUAN,SAZIE 2357,Santiago
Restaurantes,RESTAURANT BACCARA,REPUBLICA 19 19-33,Santiago
Restaurantes,TABERNA DE LA PIZZA X METRO,RICARDO CUMMING 73,Santiago
Restaurantes,A FUEGO RONEI,LIBERTADOR BERNARDO OHIGGINS 2298,Santiago
Restaurantes,KHANA KHAZANA CHILE LIMITADA,GRAJALES 2367,Santiago
Restaurantes,KUMARS KITCHEN SPA,GRAJALES 2367 GRAJALES,Santiago
Casinos,ACHOCLONADOS REPUBLICA,REPUBLICA 71 INTERIOR UDLA,Santiago
Patio de comida,DUNKIN´ REPUBLICA,CALLE REPUBLICA 20 LOC 1,Santiago
Puntos Azules,INVERSIONES G19 LIMITADA,REPUBLICA 20 LOCAL 2 CON ACCESO POR PASAJE REPUBLICA 2281,Santiago
Restaurantes,CHIKEN TEA REPUBLICA,REPUBLICA 62 LOC 54-62,Santiago
Patio de comida,SUBWAY,REPUBLICA 2275 LOC 2 EDIF CAPUAL (LIB BERNARDO OHIGGINS 2274),Santiago
Restaurantes,PABLO PERCY ROJAS ZAVALA,GRAJALES 2355,Santiago
Casinos,ZAPALLO CAFE,REPUBLICA 105,Santiago
Restaurantes,SANDWICHERIA REPUBLICA,REPUBLICA 128 LOCAL 1,Santiago
Restaurantes,CEDENO CASTILLO LIMITADA,GORBEA LOCAL 2145,Santiago
Restaurantes,CAFE EMMA RICCI,PASAJE REPUBLICA 9,Santiago
Restaurantes,MOTO CAFETERIA,REPUBLICA 239,Santiago
Patio de comida,STARBUCKS REPUBLICA,AV. BERNARDO OHIGGINS 2236,Santiago
Restaurantes,KAMI SUSHI SAN PABLO,SAN PABLO 2206,Santiago
Restaurantes,SUSHI ABDEL,SALVADOR SANFUENTES 2261,Santiago
Casinos,MAISI SPA- REPUBLICA,REPUBLICA 180,Santiago
Restaurantes,MAKALU,SALVADOR SANFUENTES 2249,Santiago
Casinos,MULTISNACK,REPUBLICA 208 208- 220,Santiago
Restaurantes,SOTELO LEON LIMITADA,AV. ALAMEDA LIBERTADOR BERNARDO O'HIGGINS 2240,Santiago
Restaurantes,MESAZIE SPA,SAZIE 2255,Santiago
Restaurantes,VERDULERIA ECHAURREN SPA,ECHAURREN SAZIE 2255 130,Santiago
Casinos,STOP CAFE REPUBLICA,REPUBLICA 252,Santiago
Restaurantes,ROKES FUSION,ECHAURREN 39,Santiago
Casinos,COFFEE JAM REPUBLICA,REPUBLICA 399,Santiago
Casinos,UNIYA REPUBLICA,REPUBLICA 290,Santiago
Restaurantes,CHECKPOINT,ECHAURREN 46 LOCAL 1,Santiago
Restaurantes,TIO DON LUKA,ECHAURREN 33 LOCAL A,Santiago
Restaurantes,MINIMARKET SAREN,ECHAURREN 33 LOCAL C,Santiago
Restaurantes,ADAN CHAVEZ MILIAN,ECHAURREN 50,Santiago
Restaurantes,EMPORIUM EXPRESS,ECHAURREN 195,Santiago
Casinos,STOP CAFÉ SAZIE,SAZIE 2212 TERCER PISO,Santiago
Restaurantes,LA FUENTE GRIEGA,ECHAURREN 167,Santiago
Restaurantes,BORA MARKET SANTIAGO,SALVADOR SANFUENTES 2182,Santiago
Minimarket,EL VECINO REPUBLICA,ABDON CIFUENTES 67 LOCAL A,Santiago
Restaurantes,MUKMU COFFEE,ABDON CIFUENTES 67 LOCAL B,Santiago
Restaurantes,RIKAS TRES,ECHAURREN 204,Santiago
Restaurantes,OKINAWA II,SALVADOR SANFUENTES 2176 LOCAL 3,Santiago
Patio de comida,SUBWAY,ALAMEDA BERNARDO OHIGGINS 2139,Santiago
Restaurantes,EKOS FUSION,ECHAURREN 216,Santiago
Restaurantes,RESTAURANT HN,SAZIE 2196,Santiago
Restaurantes,DELICIAS DE ALTAMAR,ANDES 2111,Santiago
Restaurantes,OK DELICIAS,SAZIE 2180,Santiago
Restaurantes,ABHAY CHARAN,SAZIE 2180,Santiago
Casinos,EMPORIO GLACE STGO,ABDON CIFUENTES 115,Santiago
Restaurantes,OROS Y CONTRERAS LIMITADA,ECHAURREN LOCAL 256,Santiago
Restaurantes,LOS ROCHA,SAZIE 2180,Santiago
Restaurantes,LA MESA REDONDA,SAZIE 2170,Santiago
Restaurantes,ZAPALLO CAFÉ,ECHAURREN 330,Santiago
Restaurantes,ISABELLA RESTOBAR SANTIAGO,SAZIE 2158 LOCAL 1,Santiago
Restaurantes,VOILA,CLAUDIO GAY 2334,Santiago
Restaurantes,POLLO BARRA,BRASIL 331 337,Santiago
Restaurantes,GASTRONOMIA YANLING HU EIRL,SAZIE 2161 BARRIO UNIVERSITARIO,Santiago
Restaurantes,XIN QING FUNG,SAZIE 2161,Santiago
Restaurantes,SAN CAMILO SUCURSAL 5,BRASIL 289,Santiago
Restaurantes,EL ITALIANO VELOZ,GRAJALES 2171,Santiago
Restaurantes,RESTAURANT EL ROTO CHILENO SPA,BRASIL 712,Santiago
Restaurantes,INVERSIONES CAVALCANTE SPA,ROSAS LOCAL 100A 1165,Santiago
Restaurantes,LA BARRA NIKKEI,CLAUDIO GAY 2260,Santiago
Minimarket,ALMACÉN LAS PEPAS,PADRE VICENTE IRARRAZABAL 1884,Estacion Central
Restaurantes,SUSHI TAKEO PORTALES,AV. PORTALES LOCAL 6 1359,Maipu
Restaurantes,GERTRUDIS DEL CARMEN MORA VIVANCO,PASAJE TRECE 2053,Estacion Central
Restaurantes,SUSHI RAMA,TRAVESIA 8759,Pudahuel
Restaurantes,ALMACEN JUANITO,PASAJE 35 2021,Estacion Central
Restaurantes,NADIA DEL CARM,SALVADOR GUTIERREZ 8074,Cerro Navia
Restaurantes,EL PALACIO FUSION PUDAHUEL,ISLA DE PASCUA 580,Pudahuel
Restaurantes,SAMI SUSHI,HALCON 584 B,Maipu
Restaurantes,STREET FOOD,PASAJE HALCON 584,Maipu
Restaurantes,WWW.SANDWICH.SAMISUHISANDWICH.CL,HALCON 584,Maipu
Restaurantes,FEÑA,LAS GARZAS 585,Maipu
Restaurantes,KAMI SUSHI,DOMINGO SANTA MARIA 3259,Renca
Puntos verdes,BECS FRUTOS SECOS,BANDURRIA AZUL 585,Maipu
Restaurantes,LATIN PIZZA RENCA,DOMINGO SANTA MARIA 3195,Lo Prado
Restaurantes,LA CAMPANA,BALCANES 740,Pudahuel
Minimarket,EL CORTE A SU GUSTO,COLO COLO 1583,Renca
Restaurantes,BUEN SABOR,LAS AGUILAS 600 LOCAL 3,Maipu
Restaurantes,GRIDO CERRO NAVIA,AV DIAGONAL RENY 1697,Cerro Navia
Minimarket,NATALIN DEL PILAR FERNANDEZ MOORE,SAN DANIEL 9433 9433 9433,Pudahuel
Restaurantes,COMIDA RAPIDA BUEN SABOR LIMITADA,LAS AGUILAS S N 0,Maipu
Restaurantes,FERMIN ERNESTO CABEZAS MORALES,CHORRILLOS CASA 1290,Renca
Restaurantes,GAMAN SUSHI,SERRANO 506,Pudahuel
Restaurantes,MATJOR SUSHI,LANCO 4802,Renca
Restaurantes,JUAN PABLO MUNOZ PONCE,OBISPO RAIMUNDO VALENZUELA 204 OBISPO RAIMUNDO VALENZUELA,Maipu
Patio de comida,KAMI SUSHI ESTACION CENTRAL,AVENIDA ALMIRANTE BLANCO ENCALADA 2445,Estacion Central
Restaurantes,SAVORY CORONEL,"CARLOS PRATS 901 MODULO 27, MALL COSTA PACÍFICO",Coronel
Supermercados,LIDER EXPRESS ALAMEDA Y ULA,ALAMEDA 2843,Santiago
Supermercados,OXXO PASEO BULNES,BULNES 173,Santiago
Supermercados,OKM REPÚBLICA,REPUBLICA 48,Santiago
Supermercados,LIDER EXPRESS PLAZA LYON,11 DE SEPTIEMBRE 2249,Providencia
Supermercados,LIDER EXPRESS GRAJALES,GRAJALES 2146,Santiago
Supermercados,ALVI PAJARITOS,PAJARITOS 5100,Maipu
Supermercados,LIDER EXPRESS SAN PABLO II,SAN PABLO 9091,Pudahuel
Supermercados,LIDER EXPRESS SIMON BOLIVAR,LAS TORRES 1099,Maipu
Supermercados,LIDER EXPRESS EL DESCANSO,EL DESCANSO 798,Maipu
Supermercados,S10 DOMINGO SANTA MARIA RENCA,DOMINGO SANTA MARIA 4120,Renca
Supermercados,SANTA ISABEL DGO SANTA MARIA,DOMINGO SANTA MARIA 3962,Renca
Supermercados,ALVI RENCA,CAUPOLICAN 1340,Renca
Supermercados,SANTA ISABEL PAJARITOS,PAJARITOS 4909,Maipu
Supermercados,UNIMARC RENCA II,JOSÉ MANUEL BALMACEDA 4569,Renca
Supermercados,LIDER ACUENTA BA JAIME GUZMAN,CAUPOLICAN 1520,Renca
Restaurantes,LA PATA,JOSE TORIBIO MEDINA 40,Santiago
Restaurantes,POLLO SABOR,SAN ALFONSO 1550,Santiago
Restaurantes,GINO'S PIZZA,ALMIRANTE LATORRE 284,Santiago
Restaurantes,CADORAGO,JOSE TORIBIO MEDINA 11 LOCAL 3,Santiago
Restaurantes,TENYAKI SUSHI,JOSE TORIBIO MEDINA 9,Santiago
Restaurantes,CHING I LIEN,SAZIE 2069 B,Santiago
Minimarket,TRAMA VEGANA CIENFUEGOS,CIENFUEGOS 78 LOCAL 6,Santiago
Casinos,CAFETERIA KB,HUERFANOS 1869,Santiago
Restaurantes,CAFETERIA MARBRICK SPA,CIENFUEGOS 46,Santiago
Restaurantes,CAFE EMMA RICCI II,ALAMEDA 1955,Santiago
Restaurantes,MEREY MARKET,GORBEA 2077,Santiago
Restaurantes,L12 FUEGOS DEL HAMBRE FUENTE SPA,GORBEA 2063,Santiago
Minimarket,PICHAR2,JOSE MIGUEL CARRERA 198,Santiago
Restaurantes,SAN CAMILO SUCURSAL 13,SAN PABLO 1839,Santiago
Restaurantes,MY TOLI,SAZIE 1978 LOCAL 4,Santiago
Puntos verdes,MERCADO SILVESTRE,COMPAÑIA DE JESUS 1832,Santiago
Restaurantes,COMERCIALIZADORA DE COMIDA FABECRIS SPA,CALLE SAZIE 1972,Santiago
Restaurantes,VEGECHEF SPA,CLUB HIPICO 744,Santiago
Minimarket,EMPORIO LAUMANÚ,SAZIE 1968 LOACAL 2,Santiago
Restaurantes,FURI SUSHI NIKKEI,ROSAS 1801,Santiago
Restaurantes,HAPPY FOOD,SAZIE 1966,Santiago
Restaurantes,STOP CAFE ALMIRANTE,ALMIRANTE BARROZA 76,Santiago
Restaurantes,ALOHA INACAP CENTRO,ALMIRANTE BARROSO 76,Santiago
Minimarket,INACAP CENTRO,ALMIRANTE BARROSO 76,Santiago
Restaurantes,MISKI WASI,VERGARA 41,Santiago
Restaurantes,FRIES AND BITES,LIBERTADOR BERNARDO O´HIGGINS 1888 LOCAL 6,Santiago
Restaurantes,NIKOVA SUSHI,VERGARA 87,Santiago
Restaurantes,KANU COCINA,JOSE MIGUEL CARRERA 314,Santiago
Restaurantes,OREGAMO SPA,GORBEA 2017,Santiago
Restaurantes,SOCIEDAD GASTRONOMICA LA MARIA SPA,SAZIÉ 1952,Santiago
Restaurantes,RIKAS PAPAS & HOTPLETOS,VERGARA 53,Santiago
Restaurantes,SEÑOR MONKEY,VERGARA 65,Santiago
Minimarket,MINIMARKET DEIDY,LIBERTADOR BERNARDO OHIGGINS 1868 LOCALM 2,Santiago
Minimarket,MINIMARKET EL OFERTÓN,VERGARA 80,Santiago
Restaurantes,POLLO CHANG,ALAMEDA 1864,Santiago
Restaurantes,SERVICIOS BI-GOURMET 5,VERGARA 165,Santiago
Restaurantes,LOS EGIPCIOS SANTIAGO,BLANCO ENCALADA 2121,Santiago
Restaurantes,DUFF & DELGADO SPA,ALMIRANTE BARROSO 24,Santiago
Restaurantes,AMASANDERIA L&M,ALMIRANTE BARROSO 97,Santiago
Casinos,CASINO BREAK,ADMIRANTE BARROSO 76,Santiago
Restaurantes,GREISS CAFÉ,GORBEA 1992 LOCAL 2,Santiago
Restaurantes,A TUS GUSTO,VERGARA 132,Santiago
Restaurantes,BARCELONA,VERGARA 199,Santiago
Restaurantes,RIKAS PIZZA & PASTA,VERGARA 136,Santiago
Restaurantes,YUE HAI,VERGARA 193,Santiago
Restaurantes,DONDE LA TIA,SAZIE 1911,Santiago
Restaurantes,EJER,EJERCITO LIBERTADOR 3 LOCAL 3,Santiago
Casinos,ALINER,PIONO 1,Santiago
Patio de comida,RORAIMA GROUP SPA,TUPPER 2103,Santiago
Restaurantes,LOS PANDITAS,SAZIE 1915 LOCAL A,Santiago
Casinos,CASTAÑO E-AHSC,ALMIRANTE BARROSO 15 UNIVERSIDAD ALBERTO HURTADO,Santiago
Casinos,MAISI SPA SANTIAGO,VERGARA 240,Santiago
Casinos,SJ BANQUETERIA II,VERGARA 240,Santiago
Patio de comida,SUBWAY SAN PABLO,SAN PABLO 1735,Santiago
Restaurantes,RIKAS COFFEE & LUNNAS,VERGARA 239,Santiago
Casinos,STOP CAFÉ EJERCITO,EJERCITO 49 (2° ENTREPISO),Santiago
Patio de comida,SUBWAY,EJERCITO LIBERTADOR 71 71-75 LOCAL 2,Santiago
Casinos,COME SANITO EXPRESS SPA,BLANCO ENCALADA 2085,Santiago
Restaurantes,CHURRASCO PLANET,TOESCA 1969,Santiago
Restaurantes,SANTIAGO MERCADO,GORBEA 1948,Santiago
Restaurantes,RIKAS EJERCITO 36,EJERCITO 36,Santiago
Restaurantes,SAN CAMILO ALAMEDA,LIBERTADOR BERNARDO OHIGGINS 1750 LOCAL 2,Santiago
Minimarket,MERCADO LOYOLA,EJERCITO 50 LOCAL 2,Santiago
Restaurantes,EMPORIO GLACE UDALBA,EJERCITO LIBERTADOR 171,Santiago
Restaurantes,SJ BANQUETERIA SANTIAGO,EJERCITO 219,Santiago
Casinos,CAFETERIA BEA,EJERCITO 146 LOCAL 3,Santiago
Casinos,SERVICIOS BI-GOURMET 6,EJERCITO LIBERTADOR 146,Santiago
Restaurantes,LA MEIGA RESTAURANTE CAFETERÍA,VERGARA 398,Santiago
Casinos,SJ BANQUETERIA IV,EJERCITO LIBERTADOR 219 219-239,Santiago
Minimarket,PAN MERCED,VERGARA 416 L1,Santiago
Restaurantes,NIKOVA SUSHI EJERCITO,EJERCITO LIBERTADOR 198,Santiago
Restaurantes,TORITO UNIVERSITARIO,EJERCITO LIBERTADOR 188,Santiago
Minimarket,XS MARKET SANTA ANA,SANTO DOMINGO 1630 MODULO 5,Santiago
Restaurantes,MIGA´S,EJERCITO 389 LOCAL A,Santiago
Patio de comida,DUNKIN DONUTS TOESCA,TOESCA 1844 LOCAL 8,Santiago
Patio de comida,SUBWAY TOESCA,TOESCA 1844 LOCAL 7,Santiago
Minimarket,EL GRANO FOOD,MANUEL RODRIGUEZ 113 LOCAL 4,Santiago
Restaurantes,ISABELLA RESTOBAR EJERCITO,EJERCITO 398,Santiago
Restaurantes,V Y M SPA,CALLE GORBEA 1793 CALLE GORBEA,Santiago
Casinos,MAISI SPA- EJERCITO LIBERTADOR II,EJERCITO LIBERTADOR 441,Santiago
Casinos,CASTAÑO E-EDPMR,MANUEL RODRIGUEZ SUR 253 INTERIOR UNIVERSIDAD DIEGO PORTALES,Santiago
Restaurantes,DAGUSTE MANUEL RODRIGUEZ UDP,MANUEL RODRIGUEZ 253,Santiago
Restaurantes,CAFETERIA Y EMPORIO AIDA,SAZIE 1722,Santiago
Restaurantes,BACARI LIMITADA,AVENIDA MANUEL RODRIGUEZ NORTE LOCAL 1 356,Santiago
Restaurantes,RUMARY,GORBEA 1785,Santiago
Restaurantes,MUNGO SPA,GORBEA 1781,Santiago
Patio de comida,DOMINO´S PIZZA SANTA ANA,COMPAÑIA 1579 LC 4-5-6-7,Santiago
Casinos,DONDE LA SONIA,TUPPER 2007 INGENIERIA ELECTRICA PISO -1,Santiago
Minimarket,SPIN MARKET,CATEDRAL 1570,Santiago
Minimarket,TRAMA VEGANA,LIBERTADOR BERNARDO O´HIGGINS 1621 LOCAL 24,Santiago
Casinos,SERVICIOS BANQUETERIA Q&B,EJERCITO 333 PISO 4 UDP,Santiago
Restaurantes,COMERCIAL SPACE LIMITADA,GORBEA 1765,Santiago
Restaurantes,TWIST MARKET,TUCAPEL JIMÉNEZ 133 11,Santiago
Restaurantes,SJ BANQUETERIA SANTIAGO,MANUEL RODRIGUEZ SUR 361,Santiago
Minimarket,PAU FOOD CENTER,MONEDA 1591,Santiago
Restaurantes,SAN CAMILO METRO SANTA ANA,COMPAÑIA 1579 LOCALES 2-3 PISO 2,Santiago
Restaurantes,GILDA E HIJOS LIMITADA,COMPAÑIA LOCAL 1670,Santiago
Patio de comida,STARBUCKS ESPACIO M,COMPAÑIA 1214 LOCAL 112,Santiago
Restaurantes,SOW ESPACIO M,COMPAÑÍA 1214 LOCAL 303-B,Santiago
Restaurantes,ERIKA EMYLENE SILVA MIRANDA,DIECIOCHO 15,Santiago
Restaurantes,GIANNINA SUSHI,DIECIOCHO 27,Santiago
Restaurantes,LUNNAS COFFEE,DIECIOCHO 31,Santiago
Minimarket,MIRNA LUZ NEGRETE HENRIQUEZ,DIECIOCHO 33,Santiago
Minimarket,LA VEGUITA A TU PUERTA,EJERCITO 30 DEPTO 502,Santiago
Restaurantes,RIKAS DIECIOCHO 87,DIECIOCHO 87 LOCAL 3,Santiago
Patio de comida,MAXIK SANTA ANA,CATEDRAL 1500 LOCAL 1,Santiago
Restaurantes,CAFETERIA BONGIORNO DIECIOCHO,DIECIOCHO 161,Santiago
Patio de comida,SUBWAY AGUSTINA,AGUSTINA 1504 1510,Santiago
Casinos,DUOC ALONSO DE OVALLE,ALONSO DE OVALLE 1595,Santiago
Minimarket,CHILE SIN GLUTEN,MAPOCHO 1522 DEPTO 716,Santiago
Casinos,ACHOCLONADO DUOC PADRE ALONSO DE OVALLE,PADRE ALONSO DE OVALLE 1583 PRIMER PISO,Santiago
Restaurantes,CAFETERIA BONGIORNO,PADRE MIGUEL DE OLIVARES 1620 PISO 2,Santiago
Restaurantes,RISTORANTE ITALISSIMO,SAN MARTIN 127,Santiago
Minimarket,LA TIENDITA SAN MARTIN,SAN MARTIN 81,Santiago
Casinos,MAXIK - CAPRIOLI - BOX MARKET 1,ALONSO DE OVALLE 1586 INTERIOR,Santiago
Restaurantes,RUTA TERCERA,HUERFANOS 1466,Santiago
Minimarket,MAXI K DUOC ALONSO OVALLE,ALONSO DE OVALLE 1586,Santiago
Casinos,CAFETON DUOC ALONSO DE OVALLE,ALONSO DE OVALLE 1586 INTERIOR UNIVERSIDAD DUOC ALONSO DE OVALLE,Santiago
Patio de comida,STARBUCKS CATEDRAL,CATEDRAL 1421 LOC 2,Santiago
Restaurantes,LA GRIFERIA,SAN IGNACIO DE LOYOLA 30,Santiago
Restaurantes,A DONDE SEA,EJERCITO 17,Santiago
Patio de comida,KIOSKO ROCA,AMUNATEGUI 528,Santiago
Restaurantes,EMPORIUM EXPRESS 3,VIDAURRE 1501,Santiago
Minimarket,OXXO AMUNATEGUI,AMUNATEGUI 866,Santiago
Patio de comida,SUBWAY,GENERAL MACKENNA 1406 LOCAL 02,Santiago
Patio de comida,SUBWAY AMUNATEGUI,AMUNATEGUI 280 LOCAL 3,Santiago
Restaurantes,BUFFALO WAFFLES DOWNTOWN,LIBERTADOR BERNARDO O'HIGGINS 1449 T4 LOCAL 17,Santiago
Restaurantes,ZAGO´S SUSHI Y WOK,LIBERTADOR BERNARDO O´HIGGINS 1449 LOCAL 513,Santiago
Patio de comida,SUBWAY,BERNARDO O´HOGGINS 1449 LOCAL 2,Santiago
Restaurantes,AL-JAZEERA HUERFANOS,HUERFANOS 1385,Santiago
Patio de comida,SANTIAGO DOWNTOWN,LIBERTADOR BERNARDO OHIGGINS 1449 LOCAL 15,Santiago
Patio de comida,PARADISO HUERFANOS,HUERFANOS 1379,Santiago
Restaurantes,SELFISH HUERFANOS,HUERFANOS 1369,Santiago
Restaurantes,MINIMARKET BERLIN SAN PABLO,SAN PABLO 1360,Santiago
Minimarket,LOS GOR2,SAN IGNACIO LOYOLA 341,Santiago
Restaurantes,LA KZONA,SAN IGNACIO DE LOYOLA 343,Santiago
Restaurantes,DENISE ELIZABETH RIOS CARVAJAL,MANUEL RODRIGUEZ SUR 799,Santiago
Restaurantes,CHEFCITY,SAN IGNACIO DE LOYOLA 350,Santiago
Patio de comida,STARBUCKS HUERFANOS- TEATINOS 2,HUERFANOS 1321,Santiago
Restaurantes,CASINO BONISIMO,SAN IGNACIO 405,Santiago
Restaurantes,BRISCA,SAN IGNACIO 411 B,Santiago
Restaurantes,TIAN RAN,TEATINOS 432,Santiago
Casinos,RUSTIKA,SAN IGNACIO 402,Santiago
Minimarket,ALMACEN VEGANO OSTARA,LIBERTADOR BERNARDO OHIGGINS 1394 LOCAL 10,Santiago
